stage,seletor,modelo,status,error_message,n_features,n_trials,n_cv_folds,tempo_fit_sec,tempo_predict_sec,tempo_proba_sec,tempo_joblib_dump_sec,tempo_otimizacao_sec,tempo_total_sec,experiment_timestamp
baseline,,LDA,success,,22.0,,,0.1464033649999692,0.0012156679995314335,0.0009799119998206152,,,0.14859894499932125,2026-05-04T20:34:18.685297
baseline,,QDA,success,,22.0,,,0.11106832400037092,0.005481106999468466,0.005094056999951135,,,0.12164348799979052,2026-05-04T20:34:19.006971
baseline,,GaussianNB,success,,22.0,,,0.06544744199982233,0.0025410700000065845,0.002542025000366266,,,0.07053053700019518,2026-05-04T20:34:19.217636
baseline,,DecisionTree,success,,22.0,,,0.10794723399976647,0.0017483400006312877,0.0012265530003787717,,,0.11092212700077653,2026-05-04T20:34:19.497118
baseline,,RandomForest,success,,22.0,,,1.50599445700027,0.0703490519999832,0.06629473500015592,,,1.642638244000409,2026-05-04T20:34:21.304927
baseline,,GradientBoosting,success,,22.0,,,5.047666002999904,0.0296928490006394,0.029726466000283835,,,5.107085318000827,2026-05-04T20:34:26.580515
feature_selection,LowVariance,LDA,success,,12.0,,,0.1089101870002196,0.0010955679999824497,0.0008864790006555268,,,0.11089223400085757,2026-05-04T20:34:36.147527
feature_selection,LowVariance,QDA,success,,12.0,,,0.09240944300017873,0.0031866729996181675,0.00255900800038944,,,0.09815512400018633,2026-05-04T20:34:36.438048
feature_selection,LowVariance,GaussianNB,success,,12.0,,,0.06022287199994025,0.0018443870003466145,0.0020940160002282937,,,0.06416127500051516,2026-05-04T20:34:36.644612
feature_selection,LowVariance,DecisionTree,success,,12.0,,,0.1075352230000135,0.0015910309994069394,0.0011390130002837395,,,0.11026526699970418,2026-05-04T20:34:36.920982
feature_selection,LowVariance,RandomForest,success,,12.0,,,1.6911194650001562,0.072790798000824,0.07353399099974922,,,1.8374442540007294,2026-05-04T20:34:38.922774
feature_selection,LowVariance,GradientBoosting,success,,12.0,,,4.79628444699938,0.02917355299996416,0.0292481989999942,,,4.854706198999338,2026-05-04T20:34:43.945632
feature_selection_selector_total,LowVariance,,success,,12.0,,,,,,,,8.081887307000216,2026-05-04T20:34:43.945720
feature_selection,Pearson,LDA,success,,15.0,,,0.11185500499959744,0.0010526839996600756,0.0008584870001868694,,,0.11376617599944439,2026-05-04T20:34:44.239110
feature_selection,Pearson,QDA,success,,15.0,,,0.09469108600023901,0.0033866469993881765,0.003478186999927857,,,0.10155591999955504,2026-05-04T20:34:44.539190
feature_selection,Pearson,GaussianNB,success,,15.0,,,0.062175229999411386,0.0021781960003863787,0.0021379599993451848,,,0.06649138599914295,2026-05-04T20:34:44.750498
feature_selection,Pearson,DecisionTree,success,,15.0,,,0.08000925699980144,0.0016279169994959375,0.0010671430000002147,,,0.08270431699929759,2026-05-04T20:34:45.008993
feature_selection,Pearson,RandomForest,success,,15.0,,,1.0825995059994966,0.06381105499986006,0.06157935900046141,,,1.207989919999818,2026-05-04T20:34:46.383334
feature_selection,Pearson,GradientBoosting,success,,15.0,,,2.4307819499999823,0.025519714999973075,0.025661633000709116,,,2.4819632980006645,2026-05-04T20:34:49.029205
feature_selection_selector_total,Pearson,,success,,15.0,,,,,,,,5.080319728000177,2026-05-04T20:34:49.029297
feature_selection,Fisher,LDA,success,,15.0,,,0.10382154600029025,0.0010611630004859762,0.0008548429996153573,,,0.10573755200039159,2026-05-04T20:34:49.328477
feature_selection,Fisher,QDA,success,,15.0,,,0.09230671399927814,0.0032545879994358984,0.0027412509998612222,,,0.09830255299857527,2026-05-04T20:34:49.619215
feature_selection,Fisher,GaussianNB,success,,15.0,,,0.05948628399983136,0.0025504000004730187,0.002237466999758908,,,0.06427415100006328,2026-05-04T20:34:49.823641
feature_selection,Fisher,DecisionTree,success,,15.0,,,0.07672700100010843,0.0014941169993107906,0.0010158909999518073,,,0.07923700899937103,2026-05-04T20:34:50.062661
feature_selection,Fisher,RandomForest,success,,15.0,,,1.0526894470003754,0.06301483399965946,0.06352692299969931,,,1.1792312039997341,2026-05-04T20:34:51.406850
feature_selection,Fisher,GradientBoosting,success,,15.0,,,2.4103412389995356,0.02551226599916845,0.025522326000100293,,,2.4613758309988043,2026-05-04T20:34:54.030581
feature_selection_selector_total,Fisher,,success,,15.0,,,,,,,,4.9979835990006904,2026-05-04T20:34:54.030674
feature_selection,mRMR,LDA,success,,15.0,,,0.10352080000029673,0.0010874729996430688,0.0008886949999578064,,,0.1054969679998976,2026-05-04T20:34:54.310592
feature_selection,mRMR,QDA,success,,15.0,,,0.09689024499948573,0.003168496999933268,0.0028458770002544043,,,0.1029046189996734,2026-05-04T20:34:54.605810
feature_selection,mRMR,GaussianNB,success,,15.0,,,0.06060235799941438,0.0018867500002670567,0.0020680099996752688,,,0.0645571179993567,2026-05-04T20:34:54.810244
feature_selection,mRMR,DecisionTree,success,,15.0,,,0.11234815099942352,0.0015626159993189503,0.0010484920003364095,,,0.11495925899907888,2026-05-04T20:34:55.086398
feature_selection,mRMR,RandomForest,success,,15.0,,,1.4767548750005517,0.07381542999974045,0.07397786899946368,,,1.6245481739997558,2026-05-04T20:34:56.874499
feature_selection,mRMR,GradientBoosting,success,,15.0,,,4.731677758999467,0.029041841000434943,0.028804847999708727,,,4.789524447999611,2026-05-04T20:35:01.828691
feature_selection_selector_total,mRMR,,success,,15.0,,,,,,,,7.794966466000005,2026-05-04T20:35:01.828784
feature_selection,LassoCV,LDA,success,,15.0,,,0.10474169499957497,0.0010796119995575282,0.0008893309995983145,,,0.10671063799873082,2026-05-04T20:35:02.112030
feature_selection,LassoCV,QDA,success,,15.0,,,0.09701731199947972,0.003352860000632063,0.0032763950002845377,,,0.10364656700039632,2026-05-04T20:35:02.408049
feature_selection,LassoCV,GaussianNB,success,,15.0,,,0.06121114999950805,0.002098948999446293,0.0022578050002266536,,,0.065567903999181,2026-05-04T20:35:02.612531
feature_selection,LassoCV,DecisionTree,success,,15.0,,,0.0781379250001919,0.0015236489998642355,0.0010316380003132508,,,0.08069321200036939,2026-05-04T20:35:02.858555
feature_selection,LassoCV,RandomForest,success,,15.0,,,1.0403361790004055,0.06318863700016664,0.061456277000615955,,,1.1649810930011881,2026-05-04T20:35:04.190109
feature_selection,LassoCV,GradientBoosting,success,,15.0,,,2.7192063450002024,0.026278094999725,0.025783271999898716,,,2.771267711999826,2026-05-04T20:35:07.126882
feature_selection_selector_total,LassoCV,,success,,15.0,,,,,,,,5.294784517000153,2026-05-04T20:35:07.126970
feature_selection,LinearSVC_L1,LDA,success,,15.0,,,0.10672355299993797,0.0010431700002300204,0.0008684229997015791,,,0.10863514599986956,2026-05-04T20:35:07.412353
feature_selection,LinearSVC_L1,QDA,success,,15.0,,,0.09486568800002715,0.003384495000318566,0.003011185999639565,,,0.10126136899998528,2026-05-04T20:35:07.704530
feature_selection,LinearSVC_L1,GaussianNB,success,,15.0,,,0.06068154799959302,0.0022228290008570184,0.0022496439996757545,,,0.0651540210001258,2026-05-04T20:35:07.910268
feature_selection,LinearSVC_L1,DecisionTree,success,,15.0,,,0.1011191580000741,0.0016244939997704932,0.0010830370001713163,,,0.1038266890000159,2026-05-04T20:35:08.177811
feature_selection,LinearSVC_L1,RandomForest,success,,15.0,,,1.515645434000362,0.07324589800009562,0.07234864800011565,,,1.6612399800005733,2026-05-04T20:35:10.003613
feature_selection,LinearSVC_L1,GradientBoosting,success,,15.0,,,4.809452776999933,0.0281956339995304,0.027930971999921894,,,4.865579382999385,2026-05-04T20:35:15.027306
feature_selection_selector_total,LinearSVC_L1,,success,,15.0,,,,,,,,7.896000355000069,2026-05-04T20:35:15.027393
feature_selection,ExtraTrees,LDA,success,,15.0,,,0.1085312140003225,0.0010993359992426122,0.0008854509997036075,,,0.11051600099926873,2026-05-04T20:35:15.311944
feature_selection,ExtraTrees,QDA,success,,15.0,,,0.09758350399988558,0.0034529889999248553,0.0028232929998921463,,,0.10385978599970258,2026-05-04T20:35:15.609505
feature_selection,ExtraTrees,GaussianNB,success,,15.0,,,0.059887463000450225,0.0020560650000334135,0.0022313389999908395,,,0.06417486700047448,2026-05-04T20:35:15.813984
feature_selection,ExtraTrees,DecisionTree,success,,15.0,,,0.10367179100012436,0.0015952389994708938,0.0011526950002007652,,,0.10641972499979602,2026-05-04T20:35:16.085256
feature_selection,ExtraTrees,RandomForest,success,,15.0,,,1.493182858000182,0.0732609679998859,0.07386054400012654,,,1.6403043700001945,2026-05-04T20:35:17.889678
feature_selection,ExtraTrees,GradientBoosting,success,,15.0,,,5.48250602600001,0.030905849000191665,0.02980948200001876,,,5.5432213570002205,2026-05-04T20:35:23.603223
feature_selection_selector_total,ExtraTrees,,success,,15.0,,,,,,,,8.572258222000528,2026-05-04T20:35:23.603389
ensemble_base_training,,LDA,success,,16.0,,,0.13243816899921512,0.0011291720002191141,0.0009342520006612176,,,0.13450159300009545,2026-05-04T20:35:26.104145
ensemble_base_training,,QDA,success,,16.0,,,0.11559987999953591,0.0058522949993857765,0.004661263999878429,,,0.12611343899880012,2026-05-04T20:35:26.440895
ensemble_base_training,,GaussianNB,success,,16.0,,,0.06563757500043721,0.002499643000192009,0.002849974000127986,,,0.0709871920007572,2026-05-04T20:35:26.663683
ensemble_base_training,,DecisionTree,success,,16.0,,,0.10751434400026483,0.0018671439993340755,0.0012970679999853019,,,0.1106785559995842,2026-05-04T20:35:26.949760
ensemble_base_training,,RandomForest,success,,16.0,,,1.9525872579997667,0.07478523600002518,0.07313799199982896,,,2.100510485999621,2026-05-04T20:35:29.228332
ensemble_base_training,,GradientBoosting,success,,16.0,,,5.341314976999456,0.02937981499962916,0.029558375000306114,,,5.400253166999391,2026-05-04T20:35:34.801003
ensemble_soft_voting,,,success,,,,,,,,,,0.16984344600041368,2026-05-04T20:35:34.978059
ensemble_averaging,,,success,,,,,,,,,,0.15634971100007533,2026-05-04T20:35:35.140774
optuna_global_optimization,,LDA,success,,,10.0,3.0,,,,,5.929047044000072,5.929047044000072,2026-05-04T20:35:41.477218
optuna_global_optimization,,QDA,success,,,10.0,3.0,,,,,6.51882464099981,6.51882464099981,2026-05-04T20:35:47.997442
optuna_global_optimization,,GaussianNB,success,,,10.0,3.0,,,,,3.919321045000288,3.919321045000288,2026-05-04T20:35:51.920691
optuna_global_optimization,,DecisionTree,success,,,12.0,3.0,,,,,6.316940876999979,6.316940876999979,2026-05-04T20:35:58.238619
optuna_global_optimization,,RandomForest,success,,,12.0,3.0,,,,,33.29845262099934,33.29845262099934,2026-05-04T20:36:31.538103
optuna_global_optimization,,GradientBoosting,success,,,12.0,3.0,,,,,65.65243247099988,65.65243247099988,2026-05-04T20:37:37.191611
optuna_global_training,,LDA,success,,16.0,,,0.14370583399977477,0.0008764009999140399,0.000744646999919496,,,0.1453268819996083,2026-05-04T20:37:37.521271
optuna_global_training,,QDA,success,,16.0,,,0.10582536299989442,0.0037038059999758843,0.003084748000219406,,,0.11261391700008971,2026-05-04T20:37:37.839237
optuna_global_training,,GaussianNB,success,,16.0,,,0.06216713300000265,0.0021324930003174813,0.0022496030005640932,,,0.06654922900088422,2026-05-04T20:37:38.046222
optuna_global_training,,DecisionTree,success,,16.0,,,0.10604326000066067,0.0016751809998822864,0.0011642439994830056,,,0.10888268500002596,2026-05-04T20:37:38.320215
optuna_global_training,,RandomForest,success,,16.0,,,1.466355669999757,0.06779124500008038,0.06637400299950968,,,1.6005209179993471,2026-05-04T20:37:40.083589
optuna_global_training,,GradientBoosting,success,,16.0,,,2.1072799240000677,0.013618076000057044,0.01355944399983855,,,2.1344574439999633,2026-05-04T20:37:42.382130
optuna_by_selector_optimization,LowVariance,LDA,success,,12.0,10.0,3.0,,,,,5.062802546000057,5.062802546000057,2026-05-04T20:37:48.750652
optuna_by_selector_training,LowVariance,LDA,success,,12.0,,,0.1304113440000947,0.0007856529991840944,0.0006606140004805638,0.0009537199994156254,,0.13281133099917497,2026-05-04T20:37:49.024523
optuna_by_selector_optimization,LowVariance,QDA,success,,12.0,10.0,3.0,,,,,5.621079020999787,5.621079020999787,2026-05-04T20:37:54.646583
optuna_by_selector_training,LowVariance,QDA,success,,12.0,,,0.09088490500016633,0.0030419410004469682,0.0026935500000035972,0.0011403430007703719,,0.09776073900138726,2026-05-04T20:37:54.939434
optuna_by_selector_optimization,LowVariance,GaussianNB,success,,12.0,10.0,3.0,,,,,3.550050910999744,3.550050910999744,2026-05-04T20:37:58.490410
optuna_by_selector_training,LowVariance,GaussianNB,success,,12.0,,,0.05980686900056753,0.0018690460001380416,0.001937459000146191,0.0008178620000762749,,0.06443123600092804,2026-05-04T20:37:58.694556
optuna_by_selector_optimization,LowVariance,DecisionTree,success,,12.0,12.0,3.0,,,,,5.632785970000441,5.632785970000441,2026-05-04T20:38:04.328265
optuna_by_selector_training,LowVariance,DecisionTree,success,,12.0,,,0.10802303599939478,0.0016146100006153574,0.001112011000259372,0.0016074010000011185,,0.11235705800027063,2026-05-04T20:38:04.602159
optuna_by_selector_optimization,LowVariance,RandomForest,success,,12.0,12.0,3.0,,,,,30.766369730000406,30.766369730000406,2026-05-04T20:38:35.369586
optuna_by_selector_training,LowVariance,RandomForest,success,,12.0,,,1.3854128969996964,0.06729023599928041,0.06616520799980208,0.030067132999647583,,1.5489354739984265,2026-05-04T20:38:37.082219
optuna_by_selector_optimization,LowVariance,GradientBoosting,success,,12.0,12.0,3.0,,,,,63.97856534600032,63.97856534600032,2026-05-04T20:39:41.061869
optuna_by_selector_training,LowVariance,GradientBoosting,success,,12.0,,,2.075691322000239,0.013632840999889595,0.013484358999448887,0.005231726999227249,,2.1080402489988046,2026-05-04T20:39:43.334081
optuna_by_selector_optimization,Pearson,LDA,success,,15.0,10.0,3.0,,,,,5.159799697999915,5.159799697999915,2026-05-04T20:39:48.498275
optuna_by_selector_training,Pearson,LDA,success,,15.0,,,0.13340279200019722,0.0008407470004385686,0.0007095390001268242,0.000863145000039367,,0.13581622300080198,2026-05-04T20:39:48.773907
optuna_by_selector_optimization,Pearson,QDA,success,,15.0,10.0,3.0,,,,,5.6436863639992225,5.6436863639992225,2026-05-04T20:39:54.418573
optuna_by_selector_training,Pearson,QDA,success,,15.0,,,0.09337745100037864,0.0038025359999664943,0.002964760000395472,0.0010514530004002154,,0.10119620000114082,2026-05-04T20:39:54.710031
optuna_by_selector_optimization,Pearson,GaussianNB,success,,15.0,10.0,3.0,,,,,3.583259012000781,3.583259012000781,2026-05-04T20:39:58.294214
optuna_by_selector_training,Pearson,GaussianNB,success,,15.0,,,0.061098611000488745,0.002018488000430807,0.00219550200017693,0.0008067260005191201,,0.0661193270016156,2026-05-04T20:39:58.499908
optuna_by_selector_optimization,Pearson,DecisionTree,success,,15.0,12.0,3.0,,,,,4.968225962999895,4.968225962999895,2026-05-04T20:40:03.469072
optuna_by_selector_training,Pearson,DecisionTree,success,,15.0,,,0.07850027899985434,0.001669315000071947,0.0011163519993715454,0.0014836580003247946,,0.08276960399962263,2026-05-04T20:40:03.716289
optuna_by_selector_optimization,Pearson,RandomForest,success,,15.0,12.0,3.0,,,,,20.741231762000098,20.741231762000098,2026-05-04T20:40:24.458494
optuna_by_selector_training,Pearson,RandomForest,success,,15.0,,,0.7540123980006683,0.04550456399920222,0.04495829600000434,0.02295916999992187,,0.8674344279997968,2026-05-04T20:40:25.489944
optuna_by_selector_optimization,Pearson,GradientBoosting,success,,15.0,12.0,3.0,,,,,37.48547506700015,37.48547506700015,2026-05-04T20:41:02.976608
optuna_by_selector_training,Pearson,GradientBoosting,success,,15.0,,,1.0369456690004881,0.011736811999981,0.011710085999766306,0.004422437999892281,,1.0648150050001277,2026-05-04T20:41:04.207974
optuna_by_selector_optimization,Fisher,LDA,success,,15.0,10.0,3.0,,,,,5.143772193999212,5.143772193999212,2026-05-04T20:41:09.356913
optuna_by_selector_training,Fisher,LDA,success,,15.0,,,0.13325324700053898,0.0008240099996328354,0.0006954330001462949,0.0008726619998924434,,0.13564535200021055,2026-05-04T20:41:09.631810
optuna_by_selector_optimization,Fisher,QDA,success,,15.0,10.0,3.0,,,,,5.611827068999446,5.611827068999446,2026-05-04T20:41:15.244632
optuna_by_selector_training,Fisher,QDA,success,,15.0,,,0.09102242900007695,0.003178656999807572,0.0029249359995446866,0.0010874520003198995,,0.09821347399974911,2026-05-04T20:41:15.535241
optuna_by_selector_optimization,Fisher,GaussianNB,success,,15.0,10.0,3.0,,,,,3.5135693820002416,3.5135693820002416,2026-05-04T20:41:19.049725
optuna_by_selector_training,Fisher,GaussianNB,success,,15.0,,,0.05784040699927573,0.0019347400002516224,0.0020575030002873973,0.0007867180001994711,,0.06261936800001422,2026-05-04T20:41:19.245729
optuna_by_selector_optimization,Fisher,DecisionTree,success,,15.0,12.0,3.0,,,,,4.863533447000009,4.863533447000009,2026-05-04T20:41:24.110209
optuna_by_selector_training,Fisher,DecisionTree,success,,15.0,,,0.07655238200004533,0.0014760340000066208,0.0010151329997825087,0.0015219300003082026,,0.08056547900014266,2026-05-04T20:41:24.349620
optuna_by_selector_optimization,Fisher,RandomForest,success,,15.0,12.0,3.0,,,,,20.64618576399971,20.64618576399971,2026-05-04T20:41:44.996810
optuna_by_selector_training,Fisher,RandomForest,success,,15.0,,,0.7732831210005315,0.04331093100063299,0.042234250000547036,0.023560497000289615,,0.8823887990020012,2026-05-04T20:41:46.037493
optuna_by_selector_optimization,Fisher,GradientBoosting,success,,15.0,12.0,3.0,,,,,37.58979587600061,37.58979587600061,2026-05-04T20:42:23.628423
optuna_by_selector_training,Fisher,GradientBoosting,success,,15.0,,,1.026807643000211,0.01171762200010562,0.011972907999734161,0.0040222999996331055,,1.054520472999684,2026-05-04T20:42:24.866192
optuna_by_selector_optimization,mRMR,LDA,success,,15.0,10.0,3.0,,,,,5.753470280000329,5.753470280000329,2026-05-04T20:42:30.624039
optuna_by_selector_training,mRMR,LDA,success,,15.0,,,0.132041955999739,0.000863956999637594,0.0007124509993445827,0.0009353189998364542,,0.13455368299855763,2026-05-04T20:42:30.944846
optuna_by_selector_optimization,mRMR,QDA,success,,15.0,10.0,3.0,,,,,6.333592420000059,6.333592420000059,2026-05-04T20:42:37.279498
optuna_by_selector_training,mRMR,QDA,success,,15.0,,,0.1287216549999357,0.010305836999577878,0.00796194899976399,0.001320133000263013,,0.1483095739995406,2026-05-04T20:42:37.634265
optuna_by_selector_optimization,mRMR,GaussianNB,success,,15.0,10.0,3.0,,,,,4.2283131269996375,4.2283131269996375,2026-05-04T20:42:41.863759
optuna_by_selector_training,mRMR,GaussianNB,success,,15.0,,,0.06865992799976084,0.0022802840003350866,0.0035590649995356216,0.0009136250000665314,,0.07541290199969808,2026-05-04T20:42:42.091368
optuna_by_selector_optimization,mRMR,DecisionTree,success,,15.0,12.0,3.0,,,,,6.254308328000661,6.254308328000661,2026-05-04T20:42:48.346814
optuna_by_selector_training,mRMR,DecisionTree,success,,15.0,,,0.11038735399961297,0.0016869439996298752,0.001200308999614208,0.0015797149999343674,,0.11485432199879142,2026-05-04T20:42:48.629780
optuna_by_selector_optimization,mRMR,RandomForest,success,,15.0,12.0,3.0,,,,,33.5889447189993,33.5889447189993,2026-05-04T20:43:22.219764
optuna_by_selector_training,mRMR,RandomForest,success,,15.0,,,1.4464604800004963,0.08212958900003287,0.07453407899993181,0.035038115000133985,,1.638162263000595,2026-05-04T20:43:24.037530
optuna_by_selector_optimization,mRMR,GradientBoosting,success,,15.0,12.0,3.0,,,,,71.15792098299971,71.15792098299971,2026-05-04T20:44:35.196704
optuna_by_selector_training,mRMR,GradientBoosting,success,,15.0,,,2.27143797700046,0.014701005999995687,0.014236074000109511,0.005674817999533843,,2.306049875000099,2026-05-04T20:44:37.682276
optuna_by_selector_optimization,LassoCV,LDA,success,,15.0,10.0,3.0,,,,,5.617651849999675,5.617651849999675,2026-05-04T20:44:43.304493
optuna_by_selector_training,LassoCV,LDA,success,,15.0,,,0.1828775059993859,0.0012863900001320872,0.0009003200002553058,0.001555333999931463,,0.18661954999970476,2026-05-04T20:44:43.672562
optuna_by_selector_optimization,LassoCV,QDA,success,,15.0,10.0,3.0,,,,,6.6551900170006775,6.6551900170006775,2026-05-04T20:44:50.329510
optuna_by_selector_training,LassoCV,QDA,success,,15.0,,,0.10854100100004871,0.010909352999988187,0.008391416999984358,0.0011439090003477759,,0.12898568000036903,2026-05-04T20:44:50.658297
optuna_by_selector_optimization,LassoCV,GaussianNB,success,,15.0,10.0,3.0,,,,,3.9933353809992695,3.9933353809992695,2026-05-04T20:44:54.652652
optuna_by_selector_training,LassoCV,GaussianNB,success,,15.0,,,0.06475075100024696,0.0024568210001234547,0.0024239149997811182,0.0008041900000534952,,0.07043567700020503,2026-05-04T20:44:54.873006
optuna_by_selector_optimization,LassoCV,DecisionTree,success,,15.0,12.0,3.0,,,,,5.489226724000218,5.489226724000218,2026-05-04T20:45:00.363330
optuna_by_selector_training,LassoCV,DecisionTree,success,,15.0,,,0.10822689799988439,0.0021550880001086625,0.0022766510001019924,0.0017777050006770878,,0.11443634200077213,2026-05-04T20:45:00.670127
optuna_by_selector_optimization,LassoCV,RandomForest,success,,15.0,12.0,3.0,,,,,21.669530409999425,21.669530409999425,2026-05-04T20:45:22.340735
optuna_by_selector_training,LassoCV,RandomForest,success,,15.0,,,0.42365965999943,0.0212915760002943,0.021455086000059964,0.014116561000264483,,0.48052288300004875,2026-05-04T20:45:22.998736
optuna_by_selector_optimization,LassoCV,GradientBoosting,success,,15.0,12.0,3.0,,,,,39.2774765209997,39.2774765209997,2026-05-04T20:46:02.277267
optuna_by_selector_training,LassoCV,GradientBoosting,success,,15.0,,,1.0725706929997614,0.011967925000135438,0.011886917000083486,0.004254821000358788,,1.100680356000339,2026-05-04T20:46:03.550973
optuna_by_selector_optimization,LinearSVC_L1,LDA,success,,15.0,10.0,3.0,,,,,5.114011484999537,5.114011484999537,2026-05-04T20:46:08.669198
optuna_by_selector_training,LinearSVC_L1,LDA,success,,15.0,,,0.13304770100057794,0.0008295739999084617,0.0007291290003195172,0.0008567650002078153,,0.13546316900101374,2026-05-04T20:46:08.941809
optuna_by_selector_optimization,LinearSVC_L1,QDA,success,,15.0,10.0,3.0,,,,,5.793389153999669,5.793389153999669,2026-05-04T20:46:14.736166
optuna_by_selector_training,LinearSVC_L1,QDA,success,,15.0,,,0.09713658099917666,0.0033544190000611707,0.0029420230002870085,0.0009346279994133511,,0.10436765099893819,2026-05-04T20:46:15.028163
optuna_by_selector_optimization,LinearSVC_L1,GaussianNB,success,,15.0,10.0,3.0,,,,,3.565245761999904,3.565245761999904,2026-05-04T20:46:18.594549
optuna_by_selector_training,LinearSVC_L1,GaussianNB,success,,15.0,,,0.058571386999574315,0.0020135899994784268,0.0020938880006724503,0.001000387000203773,,0.06367925199992897,2026-05-04T20:46:18.796830
optuna_by_selector_optimization,LinearSVC_L1,DecisionTree,success,,15.0,12.0,3.0,,,,,5.61268126899995,5.61268126899995,2026-05-04T20:46:24.410537
optuna_by_selector_training,LinearSVC_L1,DecisionTree,success,,15.0,,,0.11071952000020246,0.0017607279996809666,0.001157116000285896,0.0015803229998709867,,0.11521768700004031,2026-05-04T20:46:24.689680
optuna_by_selector_optimization,LinearSVC_L1,RandomForest,success,,15.0,12.0,3.0,,,,,28.385699061000196,28.385699061000196,2026-05-04T20:46:53.076364
optuna_by_selector_training,LinearSVC_L1,RandomForest,success,,15.0,,,1.2475895170000513,0.06271614400066028,0.06269246800002293,0.027470477000861138,,1.4004686060015956,2026-05-04T20:46:54.636610
optuna_by_selector_optimization,LinearSVC_L1,GradientBoosting,success,,15.0,12.0,3.0,,,,,65.22779477099994,65.22779477099994,2026-05-04T20:47:59.865513
optuna_by_selector_training,LinearSVC_L1,GradientBoosting,success,,15.0,,,2.11359798400008,0.01371571399977256,0.013404486000581528,0.005121195999890915,,2.145839380000325,2026-05-04T20:48:02.171734
optuna_by_selector_optimization,ExtraTrees,LDA,success,,15.0,10.0,3.0,,,,,5.12496800200006,5.12496800200006,2026-05-04T20:48:07.302401
optuna_by_selector_training,ExtraTrees,LDA,success,,15.0,,,0.13046616300016467,0.0008085550007308484,0.0006437399997594184,0.0008736019999560085,,0.13279206000061095,2026-05-04T20:48:07.573467
optuna_by_selector_optimization,ExtraTrees,QDA,success,,15.0,10.0,3.0,,,,,5.698283738999635,5.698283738999635,2026-05-04T20:48:13.272843
optuna_by_selector_training,ExtraTrees,QDA,success,,15.0,,,0.0961609120004141,0.003333695000037551,0.0028799329993489664,0.001006188000246766,,0.10338072800004738,2026-05-04T20:48:13.566706
optuna_by_selector_optimization,ExtraTrees,GaussianNB,success,,15.0,10.0,3.0,,,,,3.532578012999693,3.532578012999693,2026-05-04T20:48:17.100225
optuna_by_selector_training,ExtraTrees,GaussianNB,success,,15.0,,,0.061244173999511986,0.00209096300022793,0.002197402000092552,0.0008176820001608576,,0.06635022099999333,2026-05-04T20:48:17.314104
optuna_by_selector_optimization,ExtraTrees,DecisionTree,success,,15.0,12.0,3.0,,,,,5.821185589000379,5.821185589000379,2026-05-04T20:48:23.136281
optuna_by_selector_training,ExtraTrees,DecisionTree,success,,15.0,,,0.10529623700040247,0.0015979769996192772,0.0011205610007891664,0.0015552819995718892,,0.1095700570003828,2026-05-04T20:48:23.405973
optuna_by_selector_optimization,ExtraTrees,RandomForest,success,,15.0,12.0,3.0,,,,,30.667719979999674,30.667719979999674,2026-05-04T20:48:54.074698
optuna_by_selector_training,ExtraTrees,RandomForest,success,,15.0,,,1.4273224919998029,0.06896650799990311,0.06732057099998201,0.02855217599972093,,1.592161746999409,2026-05-04T20:48:55.831781
optuna_by_selector_optimization,ExtraTrees,GradientBoosting,success,,15.0,12.0,3.0,,,,,72.9392103070004,72.9392103070004,2026-05-04T20:50:08.772212
optuna_by_selector_training,ExtraTrees,GradientBoosting,success,,15.0,,,2.301653688999977,0.014284206000411359,0.014422760999877937,0.005887547999918752,,2.336248204000185,2026-05-04T20:50:11.280888
