seletor,modelo,n_features,accuracy,precision,f1,log_loss,fp_per_class,fn_per_class,model_path_optuna,model_path_refactored
ExtraTrees,DecisionTree,15,0.9753764861294584,0.9756646512110522,0.9753604559530865,0.08061290970694872,"[112, 354]","[354, 112]",../models/models_optuna/optuna_by_selector_extratrees_decisiontree.pkl,../models/models_refactored/optuna_by_selector_extratrees_decisiontree.pkl
ExtraTrees,GradientBoosting,15,0.9744782034346103,0.9749940056231564,0.974454342285468,0.07835469160299556,"[81, 402]","[402, 81]",../models/models_optuna/optuna_by_selector_extratrees_gradientboosting.pkl,../models/models_refactored/optuna_by_selector_extratrees_gradientboosting.pkl
ExtraTrees,RandomForest,15,0.9743196829590489,0.9748654377435017,0.974294785534918,0.07172598874145528,"[78, 408]","[408, 78]",../models/models_optuna/optuna_by_selector_extratrees_randomforest.pkl,../models/models_refactored/optuna_by_selector_extratrees_randomforest.pkl
ExtraTrees,LDA,15,0.9238573315719947,0.9325756168824612,0.9232436432040473,0.37647718071036884,"[37, 1404]","[1404, 37]",../models/models_optuna/optuna_by_selector_extratrees_lda.pkl,../models/models_refactored/optuna_by_selector_extratrees_lda.pkl
ExtraTrees,QDA,15,0.9231704095112285,0.9316702951331014,0.922562490457951,0.9761576007973951,"[51, 1403]","[1403, 51]",../models/models_optuna/optuna_by_selector_extratrees_qda.pkl,../models/models_refactored/optuna_by_selector_extratrees_qda.pkl
ExtraTrees,GaussianNB,15,0.9207926023778071,0.928623342508413,0.9202017063561454,2.836699734387403,"[97, 1402]","[1402, 97]",../models/models_optuna/optuna_by_selector_extratrees_gaussiannb.pkl,../models/models_refactored/optuna_by_selector_extratrees_gaussiannb.pkl
Fisher,DecisionTree,15,0.9680845442536328,0.968697786239858,0.9680505871537394,0.1073083835724289,"[125, 479]","[479, 125]",../models/models_optuna/optuna_by_selector_fisher_decisiontree.pkl,../models/models_refactored/optuna_by_selector_fisher_decisiontree.pkl
Fisher,GradientBoosting,15,0.9679260237780714,0.9685280596026715,0.9678922824296855,0.10391875957207011,"[128, 479]","[479, 128]",../models/models_optuna/optuna_by_selector_fisher_gradientboosting.pkl,../models/models_refactored/optuna_by_selector_fisher_gradientboosting.pkl
Fisher,RandomForest,15,0.9678731836195509,0.9686709356563669,0.9678326183799834,0.10592485072241385,"[103, 505]","[505, 103]",../models/models_optuna/optuna_by_selector_fisher_randomforest.pkl,../models/models_refactored/optuna_by_selector_fisher_randomforest.pkl
Fisher,GaussianNB,15,0.9210568031704095,0.9289068018152379,0.9204671288952394,2.8340913165468318,"[94, 1400]","[1400, 94]",../models/models_optuna/optuna_by_selector_fisher_gaussiannb.pkl,../models/models_refactored/optuna_by_selector_fisher_gaussiannb.pkl
Fisher,LDA,15,0.9209511228533686,0.9300902642763974,0.9202848670700556,0.3693954160504237,"[46, 1450]","[1450, 46]",../models/models_optuna/optuna_by_selector_fisher_lda.pkl,../models/models_refactored/optuna_by_selector_fisher_lda.pkl
Fisher,QDA,15,0.9197357992073977,0.9291575633785756,0.9190405758490052,0.7477114053296976,"[46, 1473]","[1473, 46]",../models/models_optuna/optuna_by_selector_fisher_qda.pkl,../models/models_refactored/optuna_by_selector_fisher_qda.pkl
LassoCV,DecisionTree,15,0.9680845442536328,0.968697786239858,0.9680505871537394,0.10558622237882294,"[125, 479]","[479, 125]",../models/models_optuna/optuna_by_selector_lassocv_decisiontree.pkl,../models/models_refactored/optuna_by_selector_lassocv_decisiontree.pkl
LassoCV,GradientBoosting,15,0.9679260237780714,0.9685280596026715,0.9678922824296855,0.1029911647937794,"[128, 479]","[479, 128]",../models/models_optuna/optuna_by_selector_lassocv_gradientboosting.pkl,../models/models_refactored/optuna_by_selector_lassocv_gradientboosting.pkl
LassoCV,RandomForest,15,0.9677675033025099,0.9685485330066653,0.967727354371423,0.11344009032631687,"[106, 504]","[504, 106]",../models/models_optuna/optuna_by_selector_lassocv_randomforest.pkl,../models/models_refactored/optuna_by_selector_lassocv_randomforest.pkl
LassoCV,LDA,15,0.9234874504623514,0.932022308870447,0.9228805447037554,0.3769637124193488,"[47, 1401]","[1401, 47]",../models/models_optuna/optuna_by_selector_lassocv_lda.pkl,../models/models_refactored/optuna_by_selector_lassocv_lda.pkl
LassoCV,QDA,15,0.9230118890356671,0.9313889793569812,0.92240946382988,0.3445919072353365,"[57, 1400]","[1400, 57]",../models/models_optuna/optuna_by_selector_lassocv_qda.pkl,../models/models_refactored/optuna_by_selector_lassocv_qda.pkl
LassoCV,GaussianNB,15,0.9205284015852048,0.9282143581817669,0.9199438002083518,2.160112794256292,"[105, 1399]","[1399, 105]",../models/models_optuna/optuna_by_selector_lassocv_gaussiannb.pkl,../models/models_refactored/optuna_by_selector_lassocv_gaussiannb.pkl
LinearSVC_L1,DecisionTree,15,0.9753764861294584,0.9756646512110522,0.9753604559530865,0.08061290970694872,"[112, 354]","[354, 112]",../models/models_optuna/optuna_by_selector_linearsvc_l1_decisiontree.pkl,../models/models_refactored/optuna_by_selector_linearsvc_l1_decisiontree.pkl
LinearSVC_L1,GradientBoosting,15,0.9744782034346103,0.9749940056231564,0.974454342285468,0.07835469160299556,"[81, 402]","[402, 81]",../models/models_optuna/optuna_by_selector_linearsvc_l1_gradientboosting.pkl,../models/models_refactored/optuna_by_selector_linearsvc_l1_gradientboosting.pkl
LinearSVC_L1,RandomForest,15,0.9744782034346103,0.975048577911292,0.9744527651634137,0.07172728986508192,"[73, 410]","[410, 73]",../models/models_optuna/optuna_by_selector_linearsvc_l1_randomforest.pkl,../models/models_refactored/optuna_by_selector_linearsvc_l1_randomforest.pkl
LinearSVC_L1,LDA,15,0.9236459709379128,0.9324122281374386,0.9230275656639161,0.376450732247864,"[37, 1408]","[1408, 37]",../models/models_optuna/optuna_by_selector_linearsvc_l1_lda.pkl,../models/models_refactored/optuna_by_selector_linearsvc_l1_lda.pkl
LinearSVC_L1,QDA,15,0.9230647291941876,0.9315353638090984,0.922457475688747,0.7958586041594885,"[53, 1403]","[1403, 53]",../models/models_optuna/optuna_by_selector_linearsvc_l1_qda.pkl,../models/models_refactored/optuna_by_selector_linearsvc_l1_qda.pkl
LinearSVC_L1,GaussianNB,15,0.9204755614266843,0.9281727204632788,0.9198898217812914,2.562558754758864,"[105, 1400]","[1400, 105]",../models/models_optuna/optuna_by_selector_linearsvc_l1_gaussiannb.pkl,../models/models_refactored/optuna_by_selector_linearsvc_l1_gaussiannb.pkl
LowVariance,DecisionTree,12,0.9753764861294584,0.9756646512110522,0.9753604559530865,0.08061290970694872,"[112, 354]","[354, 112]",../models/models_optuna/optuna_by_selector_lowvariance_decisiontree.pkl,../models/models_refactored/optuna_by_selector_lowvariance_decisiontree.pkl
LowVariance,GradientBoosting,12,0.9744782034346103,0.9749940056231564,0.974454342285468,0.07835469160299556,"[81, 402]","[402, 81]",../models/models_optuna/optuna_by_selector_lowvariance_gradientboosting.pkl,../models/models_refactored/optuna_by_selector_lowvariance_gradientboosting.pkl
LowVariance,RandomForest,12,0.9744782034346103,0.9750141470760071,0.9744537551921626,0.07086597989297094,"[78, 405]","[405, 78]",../models/models_optuna/optuna_by_selector_lowvariance_randomforest.pkl,../models/models_refactored/optuna_by_selector_lowvariance_randomforest.pkl
LowVariance,LDA,12,0.9238573315719947,0.9325756168824612,0.9232436432040473,0.37635528002066065,"[37, 1404]","[1404, 37]",../models/models_optuna/optuna_by_selector_lowvariance_lda.pkl,../models/models_refactored/optuna_by_selector_lowvariance_lda.pkl
LowVariance,QDA,12,0.9230647291941876,0.9315353638090984,0.922457475688747,0.7957675873901091,"[53, 1403]","[1403, 53]",../models/models_optuna/optuna_by_selector_lowvariance_qda.pkl,../models/models_refactored/optuna_by_selector_lowvariance_qda.pkl
LowVariance,GaussianNB,12,0.9204755614266843,0.9281727204632788,0.9198898217812914,2.8310378639730485,"[105, 1400]","[1400, 105]",../models/models_optuna/optuna_by_selector_lowvariance_gaussiannb.pkl,../models/models_refactored/optuna_by_selector_lowvariance_gaussiannb.pkl
Pearson,DecisionTree,15,0.9680845442536328,0.968697786239858,0.9680505871537394,0.1073083835724289,"[125, 479]","[479, 125]",../models/models_optuna/optuna_by_selector_pearson_decisiontree.pkl,../models/models_refactored/optuna_by_selector_pearson_decisiontree.pkl
Pearson,GradientBoosting,15,0.9679260237780714,0.9685280596026715,0.9678922824296855,0.10391875957207011,"[128, 479]","[479, 128]",../models/models_optuna/optuna_by_selector_pearson_gradientboosting.pkl,../models/models_refactored/optuna_by_selector_pearson_gradientboosting.pkl
Pearson,RandomForest,15,0.9678731836195509,0.9686709356563669,0.9678326183799834,0.10592485072241385,"[103, 505]","[505, 103]",../models/models_optuna/optuna_by_selector_pearson_randomforest.pkl,../models/models_refactored/optuna_by_selector_pearson_randomforest.pkl
Pearson,GaussianNB,15,0.9210568031704095,0.9289068018152379,0.9204671288952394,2.8340913165468318,"[94, 1400]","[1400, 94]",../models/models_optuna/optuna_by_selector_pearson_gaussiannb.pkl,../models/models_refactored/optuna_by_selector_pearson_gaussiannb.pkl
Pearson,LDA,15,0.9209511228533686,0.9300902642763974,0.9202848670700556,0.3693954160504237,"[46, 1450]","[1450, 46]",../models/models_optuna/optuna_by_selector_pearson_lda.pkl,../models/models_refactored/optuna_by_selector_pearson_lda.pkl
Pearson,QDA,15,0.9197357992073977,0.9291575633785756,0.9190405758490052,0.7477114053296976,"[46, 1473]","[1473, 46]",../models/models_optuna/optuna_by_selector_pearson_qda.pkl,../models/models_refactored/optuna_by_selector_pearson_qda.pkl
mRMR,DecisionTree,15,0.9753764861294584,0.9756646512110522,0.9753604559530865,0.08061290970694872,"[112, 354]","[354, 112]",../models/models_optuna/optuna_by_selector_mrmr_decisiontree.pkl,../models/models_refactored/optuna_by_selector_mrmr_decisiontree.pkl
mRMR,RandomForest,15,0.9748480845442536,0.9753482845769139,0.9748250474542296,0.0714713656441079,"[80, 396]","[396, 80]",../models/models_optuna/optuna_by_selector_mrmr_randomforest.pkl,../models/models_refactored/optuna_by_selector_mrmr_randomforest.pkl
mRMR,GradientBoosting,15,0.9744782034346103,0.9749940056231564,0.974454342285468,0.07835469160299556,"[81, 402]","[402, 81]",../models/models_optuna/optuna_by_selector_mrmr_gradientboosting.pkl,../models/models_refactored/optuna_by_selector_mrmr_gradientboosting.pkl
mRMR,LDA,15,0.9238573315719947,0.9325756168824612,0.9232436432040473,0.37665361689572185,"[37, 1404]","[1404, 37]",../models/models_optuna/optuna_by_selector_mrmr_lda.pkl,../models/models_refactored/optuna_by_selector_mrmr_lda.pkl
mRMR,QDA,15,0.9230647291941876,0.9315353638090984,0.922457475688747,0.85718235405628,"[53, 1403]","[1403, 53]",../models/models_optuna/optuna_by_selector_mrmr_qda.pkl,../models/models_refactored/optuna_by_selector_mrmr_qda.pkl
mRMR,GaussianNB,15,0.9204755614266843,0.9281727204632788,0.9198898217812914,2.8318878105899854,"[105, 1400]","[1400, 105]",../models/models_optuna/optuna_by_selector_mrmr_gaussiannb.pkl,../models/models_refactored/optuna_by_selector_mrmr_gaussiannb.pkl
